Run,Gen,Rule,Fitness,all_potential_farms,combine,compare_distance,compare_dryness,compare_quality,compare_water_availability,compare_yeild,desire_migration,desire_social_presence,divide,get_max_one_of,get_min_one_of,homophily_age,homophily_agricultural_productivity,multiply,potential_family_farms,potential_farms_near_best_performers,potential_neighborhood_farms,subtract
0,0.0,( get-max-one-of (( potential-family-farms  ) ) (( multiply (( desire-migration  ) ) (( desire-social-presence  ) )  ) )  ) ,1407.3148190792276,0.0,0.0,0.0,0.0,0.0,0.0,0.0,1.0,1.0,0.0,1.0,0.0,0.0,0.0,1.0,1.0,0.0,0.0,0.0
0,0.0,( get-min-one-of (( potential-farms-near-best-performers  ) ) (( compare-distance  ) )  ) ,2672.569362991351,0.0,0.0,1.0,0.0,0.0,0.0,0.0,0.0,0.0,0.0,0.0,1.0,0.0,0.0,0.0,0.0,1.0,0.0,0.0
0,0.0,( get-min-one-of (( all-potential-farms  ) ) (( subtract (( compare-water-availability  ) ) (( compare-quality  ) )  ) )  ) ,898.5249022703813,1.0,0.0,0.0,0.0,1.0,1.0,0.0,0.0,0.0,0.0,0.0,1.0,0.0,0.0,0.0,0.0,0.0,0.0,1.0
0,0.0,( get-min-one-of (( potential-family-farms  ) ) (( homophily-age  ) )  ) ,1168.9076096937692,0.0,0.0,0.0,0.0,0.0,0.0,0.0,0.0,0.0,0.0,0.0,1.0,1.0,0.0,0.0,1.0,0.0,0.0,0.0
0,1.0,( get-min-one-of (( potential-family-farms  ) ) (( homophily-age  ) )  ) ,1135.5760652637935,0.0,0.0,0.0,0.0,0.0,0.0,0.0,0.0,0.0,0.0,0.0,1.0,1.0,0.0,0.0,1.0,0.0,0.0,0.0
0,1.0,( get-min-one-of (( all-potential-farms  ) ) (( subtract (( compare-water-availability  ) ) (( compare-quality  ) )  ) )  ) ,1217.198833387544,1.0,0.0,0.0,0.0,1.0,1.0,0.0,0.0,0.0,0.0,0.0,1.0,0.0,0.0,0.0,0.0,0.0,0.0,1.0
0,1.0,( get-min-one-of (( all-potential-farms  ) ) (( subtract (( compare-water-availability  ) ) (( compare-quality  ) )  ) )  ) ,1739.087979373097,1.0,0.0,0.0,0.0,1.0,1.0,0.0,0.0,0.0,0.0,0.0,1.0,0.0,0.0,0.0,0.0,0.0,0.0,1.0
0,1.0,( get-min-one-of (( potential-farms-near-best-performers  ) ) (( compare-yeild  ) )  ) ,1355.5397448986878,0.0,0.0,0.0,0.0,0.0,0.0,1.0,0.0,0.0,0.0,0.0,1.0,0.0,0.0,0.0,0.0,1.0,0.0,0.0
0,2.0,( get-min-one-of (( potential-family-farms  ) ) (( homophily-age  ) )  ) ,1103.607267101844,0.0,0.0,0.0,0.0,0.0,0.0,0.0,0.0,0.0,0.0,0.0,1.0,1.0,0.0,0.0,1.0,0.0,0.0,0.0
0,2.0,( get-min-one-of (( potential-family-farms  ) ) (( homophily-age  ) )  ) ,1045.587394721263,0.0,0.0,0.0,0.0,0.0,0.0,0.0,0.0,0.0,0.0,0.0,1.0,1.0,0.0,0.0,1.0,0.0,0.0,0.0
0,2.0,( get-min-one-of (( potential-family-farms  ) ) (( homophily-age  ) )  ) ,1186.8150656273292,0.0,0.0,0.0,0.0,0.0,0.0,0.0,0.0,0.0,0.0,0.0,1.0,1.0,0.0,0.0,1.0,0.0,0.0,0.0
0,2.0,( get-min-one-of (( potential-family-farms  ) ) (( homophily-age  ) )  ) ,1178.8791286641724,0.0,0.0,0.0,0.0,0.0,0.0,0.0,0.0,0.0,0.0,0.0,1.0,1.0,0.0,0.0,1.0,0.0,0.0,0.0
0,0.0,( get-min-one-of (( potential-neighborhood-farms  ) ) (( combine (( compare-distance  ) ) (( compare-quality  ) )  ) )  ) ,1488.0960990473716,0.0,1.0,1.0,0.0,1.0,0.0,0.0,0.0,0.0,0.0,0.0,1.0,0.0,0.0,0.0,0.0,0.0,1.0,0.0
0,0.0,( get-max-one-of (( potential-family-farms  ) ) (( divide (( multiply (( compare-distance  ) ) (( compare-dryness  ) )  ) ) (( compare-water-availability  ) )  ) )  ) ,1902.4991458605161,0.0,0.0,1.0,1.0,0.0,1.0,0.0,0.0,0.0,1.0,1.0,0.0,0.0,0.0,1.0,1.0,0.0,0.0,0.0
0,0.0,( get-max-one-of (( potential-family-farms  ) ) (( multiply (( compare-dryness  ) ) (( compare-distance  ) )  ) )  ) ,2665.75955404834,0.0,0.0,1.0,1.0,0.0,0.0,0.0,0.0,0.0,0.0,1.0,0.0,0.0,0.0,1.0,1.0,0.0,0.0,0.0
0,0.0,( get-min-one-of (( potential-family-farms  ) ) (( divide (( compare-water-availability  ) ) (( multiply (( compare-water-availability  ) ) (( desire-social-presence  ) )  ) )  ) )  ) ,1338.4046473320386,0.0,0.0,0.0,0.0,0.0,2.0,0.0,0.0,1.0,1.0,0.0,1.0,0.0,0.0,1.0,1.0,0.0,0.0,0.0
0,1.0,( get-min-one-of (( potential-family-farms  ) ) (( divide (( compare-water-availability  ) ) (( multiply (( compare-water-availability  ) ) (( desire-social-presence  ) )  ) )  ) )  ) ,1190.6515023297127,0.0,0.0,0.0,0.0,0.0,2.0,0.0,0.0,1.0,1.0,0.0,1.0,0.0,0.0,1.0,1.0,0.0,0.0,0.0
0,1.0,( get-min-one-of (( potential-family-farms  ) ) (( divide (( compare-water-availability  ) ) (( multiply (( compare-water-availability  ) ) (( desire-social-presence  ) )  ) )  ) )  ) ,1523.9937663914504,0.0,0.0,0.0,0.0,0.0,2.0,0.0,0.0,1.0,1.0,0.0,1.0,0.0,0.0,1.0,1.0,0.0,0.0,0.0
0,1.0,( get-min-one-of (( potential-family-farms  ) ) (( desire-social-presence  ) )  ) ,778.8831748086493,0.0,0.0,0.0,0.0,0.0,0.0,0.0,0.0,1.0,0.0,0.0,1.0,0.0,0.0,0.0,1.0,0.0,0.0,0.0
0,1.0,( get-min-one-of (( potential-family-farms  ) ) (( divide (( compare-water-availability  ) ) (( multiply (( compare-water-availability  ) ) (( divide (( compare-water-availability  ) ) (( multiply (( compare-water-availability  ) ) (( desire-social-presence  ) )  ) )  ) )  ) )  ) )  ) ,968.9478830153876,0.0,0.0,0.0,0.0,0.0,4.0,0.0,0.0,1.0,2.0,0.0,1.0,0.0,0.0,2.0,1.0,0.0,0.0,0.0
0,2.0,( get-max-one-of (( potential-family-farms  ) ) (( multiply (( compare-water-availability  ) ) (( homophily-age  ) )  ) )  ) ,1160.9358294066044,0.0,0.0,0.0,0.0,0.0,1.0,0.0,0.0,0.0,0.0,1.0,0.0,1.0,0.0,1.0,1.0,0.0,0.0,0.0
0,2.0,( get-min-one-of (( all-potential-farms  ) ) (( desire-social-presence  ) )  ) ,1377.117642033534,1.0,0.0,0.0,0.0,0.0,0.0,0.0,0.0,1.0,0.0,0.0,1.0,0.0,0.0,0.0,0.0,0.0,0.0,0.0
0,2.0,( get-min-one-of (( potential-family-farms  ) ) (( desire-social-presence  ) )  ) ,1655.3193045451987,0.0,0.0,0.0,0.0,0.0,0.0,0.0,0.0,1.0,0.0,0.0,1.0,0.0,0.0,0.0,1.0,0.0,0.0,0.0
0,2.0,( get-min-one-of (( potential-farms-near-best-performers  ) ) (( desire-social-presence  ) )  ) ,1573.3801193608615,0.0,0.0,0.0,0.0,0.0,0.0,0.0,0.0,1.0,0.0,0.0,1.0,0.0,0.0,0.0,0.0,1.0,0.0,0.0
0,0.0,( get-min-one-of (( all-potential-farms  ) ) (( multiply (( homophily-age  ) ) (( compare-yeild  ) )  ) )  ) ,851.9548110081897,1.0,0.0,0.0,0.0,0.0,0.0,1.0,0.0,0.0,0.0,0.0,1.0,1.0,0.0,1.0,0.0,0.0,0.0,0.0
0,0.0,( get-min-one-of (( potential-family-farms  ) ) (( combine (( multiply (( compare-quality  ) ) (( compare-quality  ) )  ) ) (( combine (( divide (( compare-water-availability  ) ) (( compare-water-availability  ) )  ) ) (( combine (( compare-distance  ) ) (( compare-water-availability  ) )  ) )  ) )  ) )  ) ,1014.5038196083846,0.0,3.0,1.0,0.0,2.0,3.0,0.0,0.0,0.0,1.0,0.0,1.0,0.0,0.0,1.0,1.0,0.0,0.0,0.0
0,0.0,( get-max-one-of (( potential-family-farms  ) ) (( multiply (( desire-migration  ) ) (( compare-yeild  ) )  ) )  ) ,1386.6989579573499,0.0,0.0,0.0,0.0,0.0,0.0,1.0,1.0,0.0,0.0,1.0,0.0,0.0,0.0,1.0,1.0,0.0,0.0,0.0
0,0.0,( get-min-one-of (( potential-neighborhood-farms  ) ) (( subtract (( desire-social-presence  ) ) (( desire-migration  ) )  ) )  ) ,976.211554940834,0.0,0.0,0.0,0.0,0.0,0.0,0.0,1.0,1.0,0.0,0.0,1.0,0.0,0.0,0.0,0.0,0.0,1.0,1.0
0,1.0,( get-min-one-of (( all-potential-farms  ) ) (( multiply (( homophily-age  ) ) (( compare-yeild  ) )  ) )  ) ,1522.4788996895816,1.0,0.0,0.0,0.0,0.0,0.0,1.0,0.0,0.0,0.0,0.0,1.0,1.0,0.0,1.0,0.0,0.0,0.0,0.0
0,1.0,( get-min-one-of (( all-potential-farms  ) ) (( multiply (( homophily-age  ) ) (( compare-yeild  ) )  ) )  ) ,1214.0877233544568,1.0,0.0,0.0,0.0,0.0,0.0,1.0,0.0,0.0,0.0,0.0,1.0,1.0,0.0,1.0,0.0,0.0,0.0,0.0
0,1.0,( get-min-one-of (( potential-family-farms  ) ) (( compare-water-availability  ) )  ) ,1844.4950528532192,0.0,0.0,0.0,0.0,0.0,1.0,0.0,0.0,0.0,0.0,0.0,1.0,0.0,0.0,0.0,1.0,0.0,0.0,0.0
0,1.0,( get-min-one-of (( all-potential-farms  ) ) (( multiply (( homophily-age  ) ) (( compare-yeild  ) )  ) )  ) ,1623.1851403952653,1.0,0.0,0.0,0.0,0.0,0.0,1.0,0.0,0.0,0.0,0.0,1.0,1.0,0.0,1.0,0.0,0.0,0.0,0.0
0,0.0,( get-max-one-of (( potential-farms-near-best-performers  ) ) (( compare-dryness  ) )  ) ,1493.5548198844265,0.0,0.0,0.0,1.0,0.0,0.0,0.0,0.0,0.0,0.0,1.0,0.0,0.0,0.0,0.0,0.0,1.0,0.0,0.0
0,0.0,( get-max-one-of (( potential-neighborhood-farms  ) ) (( compare-water-availability  ) )  ) ,935.1197784241333,0.0,0.0,0.0,0.0,0.0,1.0,0.0,0.0,0.0,0.0,1.0,0.0,0.0,0.0,0.0,0.0,0.0,1.0,0.0
0,0.0,( get-max-one-of (( potential-family-farms  ) ) (( homophily-age  ) )  ) ,1132.0697858347776,0.0,0.0,0.0,0.0,0.0,0.0,0.0,0.0,0.0,0.0,1.0,0.0,1.0,0.0,0.0,1.0,0.0,0.0,0.0
0,0.0,( get-min-one-of (( potential-neighborhood-farms  ) ) (( compare-distance  ) )  ) ,1202.415069765846,0.0,0.0,1.0,0.0,0.0,0.0,0.0,0.0,0.0,0.0,0.0,1.0,0.0,0.0,0.0,0.0,0.0,1.0,0.0
0,1.0,( get-max-one-of (( potential-neighborhood-farms  ) ) (( compare-water-availability  ) )  ) ,1407.918321494539,0.0,0.0,0.0,0.0,0.0,1.0,0.0,0.0,0.0,0.0,1.0,0.0,0.0,0.0,0.0,0.0,0.0,1.0,0.0
0,1.0,( get-max-one-of (( potential-neighborhood-farms  ) ) (( compare-water-availability  ) )  ) ,1115.1977403133478,0.0,0.0,0.0,0.0,0.0,1.0,0.0,0.0,0.0,0.0,1.0,0.0,0.0,0.0,0.0,0.0,0.0,1.0,0.0
0,1.0,( get-max-one-of (( potential-neighborhood-farms  ) ) (( compare-water-availability  ) )  ) ,1087.2998666421327,0.0,0.0,0.0,0.0,0.0,1.0,0.0,0.0,0.0,0.0,1.0,0.0,0.0,0.0,0.0,0.0,0.0,1.0,0.0
0,1.0,( get-max-one-of (( potential-neighborhood-farms  ) ) (( compare-water-availability  ) )  ) ,1722.5283742220329,0.0,0.0,0.0,0.0,0.0,1.0,0.0,0.0,0.0,0.0,1.0,0.0,0.0,0.0,0.0,0.0,0.0,1.0,0.0
0,0.0,( get-min-one-of (( potential-family-farms  ) ) (( homophily-age  ) )  ) ,936.2852129559657,0.0,0.0,0.0,0.0,0.0,0.0,0.0,0.0,0.0,0.0,0.0,1.0,1.0,0.0,0.0,1.0,0.0,0.0,0.0
0,0.0,( get-max-one-of (( potential-farms-near-best-performers  ) ) (( divide (( desire-migration  ) ) (( compare-distance  ) )  ) )  ) ,2673.654614941879,0.0,0.0,1.0,0.0,0.0,0.0,0.0,1.0,0.0,1.0,1.0,0.0,0.0,0.0,0.0,0.0,1.0,0.0,0.0
0,0.0,( get-max-one-of (( potential-farms-near-best-performers  ) ) (( subtract (( homophily-age  ) ) (( homophily-age  ) )  ) )  ) ,1122.2597738491754,0.0,0.0,0.0,0.0,0.0,0.0,0.0,0.0,0.0,0.0,1.0,0.0,2.0,0.0,0.0,0.0,1.0,0.0,1.0
0,0.0,( get-max-one-of (( potential-neighborhood-farms  ) ) (( multiply (( subtract (( compare-distance  ) ) (( desire-social-presence  ) )  ) ) (( compare-water-availability  ) )  ) )  ) ,1291.493321701663,0.0,0.0,1.0,0.0,0.0,1.0,0.0,0.0,1.0,0.0,1.0,0.0,0.0,0.0,1.0,0.0,0.0,1.0,1.0
0,1.0,( get-min-one-of (( potential-family-farms  ) ) (( homophily-age  ) )  ) ,2672.14857371367,0.0,0.0,0.0,0.0,0.0,0.0,0.0,0.0,0.0,0.0,0.0,1.0,1.0,0.0,0.0,1.0,0.0,0.0,0.0
0,1.0,( get-max-one-of (( potential-farms-near-best-performers  ) ) (( subtract (( homophily-age  ) ) (( homophily-age  ) )  ) )  ) ,2607.074030402665,0.0,0.0,0.0,0.0,0.0,0.0,0.0,0.0,0.0,0.0,1.0,0.0,2.0,0.0,0.0,0.0,1.0,0.0,1.0
0,1.0,( get-max-one-of (( potential-family-farms  ) ) (( subtract (( homophily-age  ) ) (( homophily-age  ) )  ) )  ) ,1340.254453452776,0.0,0.0,0.0,0.0,0.0,0.0,0.0,0.0,0.0,0.0,1.0,0.0,2.0,0.0,0.0,1.0,0.0,0.0,1.0
0,1.0,( get-min-one-of (( potential-farms-near-best-performers  ) ) (( homophily-age  ) )  ) ,1462.0430910202356,0.0,0.0,0.0,0.0,0.0,0.0,0.0,0.0,0.0,0.0,0.0,1.0,1.0,0.0,0.0,0.0,1.0,0.0,0.0
0,0.0,( get-max-one-of (( potential-family-farms  ) ) (( multiply (( multiply (( desire-social-presence  ) ) (( compare-water-availability  ) )  ) ) (( combine (( compare-yeild  ) ) (( compare-water-availability  ) )  ) )  ) )  ) ,1763.686480075187,0.0,1.0,0.0,0.0,0.0,2.0,1.0,0.0,1.0,0.0,1.0,0.0,0.0,0.0,2.0,1.0,0.0,0.0,0.0
0,0.0,( get-min-one-of (( potential-farms-near-best-performers  ) ) (( multiply (( compare-distance  ) ) (( compare-quality  ) )  ) )  ) ,1401.3357913077093,0.0,0.0,1.0,0.0,1.0,0.0,0.0,0.0,0.0,0.0,0.0,1.0,0.0,0.0,1.0,0.0,1.0,0.0,0.0
0,0.0,( get-max-one-of (( all-potential-farms  ) ) (( desire-social-presence  ) )  ) ,1453.7303739001948,1.0,0.0,0.0,0.0,0.0,0.0,0.0,0.0,1.0,0.0,1.0,0.0,0.0,0.0,0.0,0.0,0.0,0.0,0.0
0,0.0,( get-min-one-of (( all-potential-farms  ) ) (( divide (( compare-water-availability  ) ) (( divide (( compare-dryness  ) ) (( desire-social-presence  ) )  ) )  ) )  ) ,1494.3567177886262,1.0,0.0,0.0,1.0,0.0,1.0,0.0,0.0,1.0,2.0,0.0,1.0,0.0,0.0,0.0,0.0,0.0,0.0,0.0
0,1.0,( get-min-one-of (( potential-farms-near-best-performers  ) ) (( multiply (( compare-distance  ) ) (( compare-quality  ) )  ) )  ) ,1385.8188914861862,0.0,0.0,1.0,0.0,1.0,0.0,0.0,0.0,0.0,0.0,0.0,1.0,0.0,0.0,1.0,0.0,1.0,0.0,0.0
0,1.0,( get-min-one-of (( potential-farms-near-best-performers  ) ) (( multiply (( compare-distance  ) ) (( compare-quality  ) )  ) )  ) ,2672.4786247975862,0.0,0.0,1.0,0.0,1.0,0.0,0.0,0.0,0.0,0.0,0.0,1.0,0.0,0.0,1.0,0.0,1.0,0.0,0.0
0,1.0,( get-min-one-of (( potential-farms-near-best-performers  ) ) (( multiply (( multiply (( compare-distance  ) ) (( compare-quality  ) )  ) ) (( compare-quality  ) )  ) )  ) ,2673.0086045503103,0.0,0.0,1.0,0.0,2.0,0.0,0.0,0.0,0.0,0.0,0.0,1.0,0.0,0.0,2.0,0.0,1.0,0.0,0.0
0,1.0,( get-min-one-of (( potential-farms-near-best-performers  ) ) (( compare-distance  ) )  ) ,1187.0000000000002,0.0,0.0,1.0,0.0,0.0,0.0,0.0,0.0,0.0,0.0,0.0,1.0,0.0,0.0,0.0,0.0,1.0,0.0,0.0
0,0.0,( get-min-one-of (( potential-neighborhood-farms  ) ) (( combine (( compare-dryness  ) ) (( subtract (( compare-quality  ) ) (( desire-social-presence  ) )  ) )  ) )  ) ,6.4807406984078595,0.0,1.0,0.0,1.0,1.0,0.0,0.0,0.0,1.0,0.0,0.0,1.0,0.0,0.0,0.0,0.0,0.0,1.0,1.0
0,0.0,( get-min-one-of (( potential-neighborhood-farms  ) ) (( combine (( combine (( homophily-agricultural-productivity  ) ) (( compare-water-availability  ) )  ) ) (( compare-yeild  ) )  ) )  ) ,4.795831523312719,0.0,2.0,0.0,0.0,0.0,1.0,1.0,0.0,0.0,0.0,0.0,1.0,0.0,1.0,0.0,0.0,0.0,1.0,0.0
0,0.0,( get-max-one-of (( potential-family-farms  ) ) (( divide (( compare-water-availability  ) ) (( compare-distance  ) )  ) )  ) ,8.426149773176359,0.0,0.0,1.0,0.0,0.0,1.0,0.0,0.0,0.0,1.0,1.0,0.0,0.0,0.0,0.0,1.0,0.0,0.0,0.0
0,0.0,( get-min-one-of (( potential-neighborhood-farms  ) ) (( compare-distance  ) )  ) ,11.61895003862225,0.0,0.0,1.0,0.0,0.0,0.0,0.0,0.0,0.0,0.0,0.0,1.0,0.0,0.0,0.0,0.0,0.0,1.0,0.0
0,1.0,( get-min-one-of (( potential-neighborhood-farms  ) ) (( combine (( combine (( homophily-agricultural-productivity  ) ) (( compare-water-availability  ) )  ) ) (( compare-yeild  ) )  ) )  ) ,4.123105625617661,0.0,2.0,0.0,0.0,0.0,1.0,1.0,0.0,0.0,0.0,0.0,1.0,0.0,1.0,0.0,0.0,0.0,1.0,0.0
0,1.0,( get-min-one-of (( potential-neighborhood-farms  ) ) (( combine (( combine (( homophily-agricultural-productivity  ) ) (( compare-water-availability  ) )  ) ) (( compare-yeild  ) )  ) )  ) ,3.6055512754639887,0.0,2.0,0.0,0.0,0.0,1.0,1.0,0.0,0.0,0.0,0.0,1.0,0.0,1.0,0.0,0.0,0.0,1.0,0.0
0,1.0,( get-min-one-of (( potential-neighborhood-farms  ) ) (( combine (( compare-dryness  ) ) (( subtract (( compare-quality  ) ) (( compare-yeild  ) )  ) )  ) )  ) ,6.782329983125267,0.0,1.0,0.0,1.0,1.0,0.0,1.0,0.0,0.0,0.0,0.0,1.0,0.0,0.0,0.0,0.0,0.0,1.0,1.0
0,1.0,( get-min-one-of (( potential-neighborhood-farms  ) ) (( combine (( combine (( homophily-agricultural-productivity  ) ) (( compare-water-availability  ) )  ) ) (( desire-social-presence  ) )  ) )  ) ,10.198039027185569,0.0,2.0,0.0,0.0,0.0,1.0,0.0,0.0,1.0,0.0,0.0,1.0,0.0,1.0,0.0,0.0,0.0,1.0,0.0
0,0.0,( get-min-one-of (( potential-family-farms  ) ) (( combine (( desire-social-presence  ) ) (( homophily-agricultural-productivity  ) )  ) )  ) ,4.123105625617661,0.0,1.0,0.0,0.0,0.0,0.0,0.0,0.0,1.0,0.0,0.0,1.0,0.0,1.0,0.0,1.0,0.0,0.0,0.0
0,0.0,( get-max-one-of (( potential-neighborhood-farms  ) ) (( divide (( desire-migration  ) ) (( desire-migration  ) )  ) )  ) ,5.196152422706631,0.0,0.0,0.0,0.0,0.0,0.0,0.0,2.0,0.0,1.0,1.0,0.0,0.0,0.0,0.0,0.0,0.0,1.0,0.0
0,0.0,( get-max-one-of (( potential-family-farms  ) ) (( multiply (( combine (( compare-distance  ) ) (( compare-distance  ) )  ) ) (( homophily-agricultural-productivity  ) )  ) )  ) ,3.7416573867739418,0.0,1.0,2.0,0.0,0.0,0.0,0.0,0.0,0.0,0.0,1.0,0.0,0.0,1.0,1.0,1.0,0.0,0.0,0.0
0,0.0,( get-min-one-of (( potential-farms-near-best-performers  ) ) (( divide (( subtract (( compare-dryness  ) ) (( compare-quality  ) )  ) ) (( homophily-agricultural-productivity  ) )  ) )  ) ,4.242640687119285,0.0,0.0,0.0,1.0,1.0,0.0,0.0,0.0,0.0,1.0,0.0,1.0,0.0,1.0,0.0,0.0,1.0,0.0,1.0
0,1.0,( get-max-one-of (( potential-family-farms  ) ) (( multiply (( combine (( compare-distance  ) ) (( compare-distance  ) )  ) ) (( homophily-agricultural-productivity  ) )  ) )  ) ,9.055385138137416,0.0,1.0,2.0,0.0,0.0,0.0,0.0,0.0,0.0,0.0,1.0,0.0,0.0,1.0,1.0,1.0,0.0,0.0,0.0
0,1.0,( get-max-one-of (( potential-family-farms  ) ) (( multiply (( combine (( compare-distance  ) ) (( compare-distance  ) )  ) ) (( homophily-agricultural-productivity  ) )  ) )  ) ,4.123105625617661,0.0,1.0,2.0,0.0,0.0,0.0,0.0,0.0,0.0,0.0,1.0,0.0,0.0,1.0,1.0,1.0,0.0,0.0,0.0
0,1.0,( get-max-one-of (( potential-family-farms  ) ) (( multiply (( combine (( compare-distance  ) ) (( compare-distance  ) )  ) ) (( homophily-agricultural-productivity  ) )  ) )  ) ,7.549834435270751,0.0,1.0,2.0,0.0,0.0,0.0,0.0,0.0,0.0,0.0,1.0,0.0,0.0,1.0,1.0,1.0,0.0,0.0,0.0
0,1.0,( get-max-one-of (( potential-family-farms  ) ) (( multiply (( combine (( compare-distance  ) ) (( compare-distance  ) )  ) ) (( homophily-agricultural-productivity  ) )  ) )  ) ,8.94427190999916,0.0,1.0,2.0,0.0,0.0,0.0,0.0,0.0,0.0,0.0,1.0,0.0,0.0,1.0,1.0,1.0,0.0,0.0,0.0
0,0.0,( get-min-one-of (( potential-neighborhood-farms  ) ) (( compare-water-availability  ) )  ) ,2658.103459235549,0.0,0.0,0.0,0.0,0.0,1.0,0.0,0.0,0.0,0.0,0.0,1.0,0.0,0.0,0.0,0.0,0.0,1.0,0.0
0,0.0,( get-min-one-of (( potential-neighborhood-farms  ) ) (( compare-dryness  ) )  ) ,1789.7991507428994,0.0,0.0,0.0,1.0,0.0,0.0,0.0,0.0,0.0,0.0,0.0,1.0,0.0,0.0,0.0,0.0,0.0,1.0,0.0
0,0.0,( get-min-one-of (( potential-neighborhood-farms  ) ) (( combine (( desire-social-presence  ) ) (( desire-migration  ) )  ) )  ) ,2062.997091612101,0.0,1.0,0.0,0.0,0.0,0.0,0.0,1.0,1.0,0.0,0.0,1.0,0.0,0.0,0.0,0.0,0.0,1.0,0.0
0,0.0,( get-max-one-of (( potential-family-farms  ) ) (( compare-water-availability  ) )  ) ,2666.635145647039,0.0,0.0,0.0,0.0,0.0,1.0,0.0,0.0,0.0,0.0,1.0,0.0,0.0,0.0,0.0,1.0,0.0,0.0,0.0
0,1.0,( get-min-one-of (( potential-neighborhood-farms  ) ) (( compare-dryness  ) )  ) ,1184.3048594006532,0.0,0.0,0.0,1.0,0.0,0.0,0.0,0.0,0.0,0.0,0.0,1.0,0.0,0.0,0.0,0.0,0.0,1.0,0.0
0,1.0,( get-min-one-of (( potential-neighborhood-farms  ) ) (( compare-dryness  ) )  ) ,903.2120459781304,0.0,0.0,0.0,1.0,0.0,0.0,0.0,0.0,0.0,0.0,0.0,1.0,0.0,0.0,0.0,0.0,0.0,1.0,0.0
0,1.0,( get-min-one-of (( potential-neighborhood-farms  ) ) (( compare-dryness  ) )  ) ,1292.8518863350132,0.0,0.0,0.0,1.0,0.0,0.0,0.0,0.0,0.0,0.0,0.0,1.0,0.0,0.0,0.0,0.0,0.0,1.0,0.0
0,1.0,( get-min-one-of (( potential-neighborhood-farms  ) ) (( compare-dryness  ) )  ) ,1063.6479680796651,0.0,0.0,0.0,1.0,0.0,0.0,0.0,0.0,0.0,0.0,0.0,1.0,0.0,0.0,0.0,0.0,0.0,1.0,0.0
0,0.0,( get-max-one-of (( all-potential-farms  ) ) (( homophily-age  ) )  ) ,1133.6595608911882,1.0,0.0,0.0,0.0,0.0,0.0,0.0,0.0,0.0,0.0,1.0,0.0,1.0,0.0,0.0,0.0,0.0,0.0,0.0
0,0.0,( get-min-one-of (( potential-farms-near-best-performers  ) ) (( desire-social-presence  ) )  ) ,2100.6991693243494,0.0,0.0,0.0,0.0,0.0,0.0,0.0,0.0,1.0,0.0,0.0,1.0,0.0,0.0,0.0,0.0,1.0,0.0,0.0
0,0.0,( get-max-one-of (( potential-farms-near-best-performers  ) ) (( desire-migration  ) )  ) ,1315.7131146264376,0.0,0.0,0.0,0.0,0.0,0.0,0.0,1.0,0.0,0.0,1.0,0.0,0.0,0.0,0.0,0.0,1.0,0.0,0.0
0,0.0,( get-max-one-of (( potential-farms-near-best-performers  ) ) (( compare-distance  ) )  ) ,1172.8725420948342,0.0,0.0,1.0,0.0,0.0,0.0,0.0,0.0,0.0,0.0,1.0,0.0,0.0,0.0,0.0,0.0,1.0,0.0,0.0
0,1.0,( get-max-one-of (( all-potential-farms  ) ) (( homophily-age  ) )  ) ,2645.956915749005,1.0,0.0,0.0,0.0,0.0,0.0,0.0,0.0,0.0,0.0,1.0,0.0,1.0,0.0,0.0,0.0,0.0,0.0,0.0
0,1.0,( get-max-one-of (( all-potential-farms  ) ) (( homophily-age  ) )  ) ,1237.8142025360676,1.0,0.0,0.0,0.0,0.0,0.0,0.0,0.0,0.0,0.0,1.0,0.0,1.0,0.0,0.0,0.0,0.0,0.0,0.0
0,1.0,( get-max-one-of (( all-potential-farms  ) ) (( homophily-age  ) )  ) ,1956.2571405620472,1.0,0.0,0.0,0.0,0.0,0.0,0.0,0.0,0.0,0.0,1.0,0.0,1.0,0.0,0.0,0.0,0.0,0.0,0.0
0,1.0,( get-max-one-of (( all-potential-farms  ) ) (( homophily-age  ) )  ) ,2672.20470772731,1.0,0.0,0.0,0.0,0.0,0.0,0.0,0.0,0.0,0.0,1.0,0.0,1.0,0.0,0.0,0.0,0.0,0.0,0.0
0,0.0,( get-min-one-of (( potential-family-farms  ) ) (( multiply (( desire-migration  ) ) (( desire-migration  ) )  ) )  ) ,1718.441445030932,0.0,0.0,0.0,0.0,0.0,0.0,0.0,2.0,0.0,0.0,0.0,1.0,0.0,0.0,1.0,1.0,0.0,0.0,0.0
0,0.0,( get-max-one-of (( potential-neighborhood-farms  ) ) (( divide (( combine (( desire-migration  ) ) (( compare-dryness  ) )  ) ) (( compare-dryness  ) )  ) )  ) ,2673.7853316973665,0.0,1.0,0.0,2.0,0.0,0.0,0.0,1.0,0.0,1.0,1.0,0.0,0.0,0.0,0.0,0.0,0.0,1.0,0.0
0,0.0,( get-min-one-of (( all-potential-farms  ) ) (( compare-yeild  ) )  ) ,1861.5345820048599,1.0,0.0,0.0,0.0,0.0,0.0,1.0,0.0,0.0,0.0,0.0,1.0,0.0,0.0,0.0,0.0,0.0,0.0,0.0
0,0.0,( get-min-one-of (( all-potential-farms  ) ) (( compare-quality  ) )  ) ,2673.146647679473,1.0,0.0,0.0,0.0,1.0,0.0,0.0,0.0,0.0,0.0,0.0,1.0,0.0,0.0,0.0,0.0,0.0,0.0,0.0
0,1.0,( get-min-one-of (( all-potential-farms  ) ) (( multiply (( desire-migration  ) ) (( desire-migration  ) )  ) )  ) ,2157.4422356114183,1.0,0.0,0.0,0.0,0.0,0.0,0.0,2.0,0.0,0.0,0.0,1.0,0.0,0.0,1.0,0.0,0.0,0.0,0.0
0,1.0,( get-min-one-of (( potential-family-farms  ) ) (( compare-yeild  ) )  ) ,1793.5331053537882,0.0,0.0,0.0,0.0,0.0,0.0,1.0,0.0,0.0,0.0,0.0,1.0,0.0,0.0,0.0,1.0,0.0,0.0,0.0
0,1.0,( get-min-one-of (( all-potential-farms  ) ) (( compare-yeild  ) )  ) ,1287.099063786467,1.0,0.0,0.0,0.0,0.0,0.0,1.0,0.0,0.0,0.0,0.0,1.0,0.0,0.0,0.0,0.0,0.0,0.0,0.0
0,1.0,( get-min-one-of (( potential-family-farms  ) ) (( multiply (( desire-migration  ) ) (( desire-migration  ) )  ) )  ) ,1240.2596502345787,0.0,0.0,0.0,0.0,0.0,0.0,0.0,2.0,0.0,0.0,0.0,1.0,0.0,0.0,1.0,1.0,0.0,0.0,0.0
0,0.0,( get-min-one-of (( potential-family-farms  ) ) (( compare-quality  ) )  ) ,1005.9279298240007,0.0,0.0,0.0,0.0,1.0,0.0,0.0,0.0,0.0,0.0,0.0,1.0,0.0,0.0,0.0,1.0,0.0,0.0,0.0
0,0.0,( get-min-one-of (( all-potential-farms  ) ) (( compare-quality  ) )  ) ,2662.494694830394,1.0,0.0,0.0,0.0,1.0,0.0,0.0,0.0,0.0,0.0,0.0,1.0,0.0,0.0,0.0,0.0,0.0,0.0,0.0
0,0.0,( get-min-one-of (( potential-farms-near-best-performers  ) ) (( desire-social-presence  ) )  ) ,944.4453398688556,0.0,0.0,0.0,0.0,0.0,0.0,0.0,0.0,1.0,0.0,0.0,1.0,0.0,0.0,0.0,0.0,1.0,0.0,0.0
0,0.0,( get-max-one-of (( potential-family-farms  ) ) (( multiply (( compare-water-availability  ) ) (( homophily-agricultural-productivity  ) )  ) )  ) ,2618.361510563429,0.0,0.0,0.0,0.0,0.0,1.0,0.0,0.0,0.0,0.0,1.0,0.0,0.0,1.0,1.0,1.0,0.0,0.0,0.0
0,1.0,( get-min-one-of (( potential-farms-near-best-performers  ) ) (( desire-social-presence  ) )  ) ,970.5853903701628,0.0,0.0,0.0,0.0,0.0,0.0,0.0,0.0,1.0,0.0,0.0,1.0,0.0,0.0,0.0,0.0,1.0,0.0,0.0
0,1.0,( get-min-one-of (( potential-farms-near-best-performers  ) ) (( desire-social-presence  ) )  ) ,984.8634423106586,0.0,0.0,0.0,0.0,0.0,0.0,0.0,0.0,1.0,0.0,0.0,1.0,0.0,0.0,0.0,0.0,1.0,0.0,0.0
0,1.0,( get-min-one-of (( potential-farms-near-best-performers  ) ) (( desire-social-presence  ) )  ) ,1909.1676196709382,0.0,0.0,0.0,0.0,0.0,0.0,0.0,0.0,1.0,0.0,0.0,1.0,0.0,0.0,0.0,0.0,1.0,0.0,0.0
0,1.0,( get-min-one-of (( potential-farms-near-best-performers  ) ) (( desire-social-presence  ) )  ) ,2667.08680023729,0.0,0.0,0.0,0.0,0.0,0.0,0.0,0.0,1.0,0.0,0.0,1.0,0.0,0.0,0.0,0.0,1.0,0.0,0.0
0,0.0,( get-max-one-of (( potential-family-farms  ) ) (( compare-distance  ) )  ) ,1275.8452100470495,0.0,0.0,1.0,0.0,0.0,0.0,0.0,0.0,0.0,0.0,1.0,0.0,0.0,0.0,0.0,1.0,0.0,0.0,0.0
0,0.0,( get-max-one-of (( potential-family-farms  ) ) (( multiply (( divide (( compare-quality  ) ) (( compare-distance  ) )  ) ) (( desire-social-presence  ) )  ) )  ) ,2662.792519142263,0.0,0.0,1.0,0.0,1.0,0.0,0.0,0.0,1.0,1.0,1.0,0.0,0.0,0.0,1.0,1.0,0.0,0.0,0.0
0,0.0,( get-min-one-of (( potential-family-farms  ) ) (( multiply (( compare-dryness  ) ) (( compare-distance  ) )  ) )  ) ,981.7983499680568,0.0,0.0,1.0,1.0,0.0,0.0,0.0,0.0,0.0,0.0,0.0,1.0,0.0,0.0,1.0,1.0,0.0,0.0,0.0
0,0.0,( get-max-one-of (( potential-farms-near-best-performers  ) ) (( multiply (( compare-water-availability  ) ) (( combine (( compare-water-availability  ) ) (( compare-distance  ) )  ) )  ) )  ) ,1703.4773259424383,0.0,1.0,1.0,0.0,0.0,2.0,0.0,0.0,0.0,0.0,1.0,0.0,0.0,0.0,1.0,0.0,1.0,0.0,0.0
0,1.0,( get-min-one-of (( potential-family-farms  ) ) (( multiply (( compare-dryness  ) ) (( compare-distance  ) )  ) )  ) ,1496.3602507417793,0.0,0.0,1.0,1.0,0.0,0.0,0.0,0.0,0.0,0.0,0.0,1.0,0.0,0.0,1.0,1.0,0.0,0.0,0.0
0,1.0,( get-min-one-of (( potential-family-farms  ) ) (( multiply (( compare-dryness  ) ) (( compare-distance  ) )  ) )  ) ,1683.7505753525384,0.0,0.0,1.0,1.0,0.0,0.0,0.0,0.0,0.0,0.0,0.0,1.0,0.0,0.0,1.0,1.0,0.0,0.0,0.0
0,1.0,( get-min-one-of (( potential-family-farms  ) ) (( multiply (( compare-dryness  ) ) (( compare-distance  ) )  ) )  ) ,2673.2904817845747,0.0,0.0,1.0,1.0,0.0,0.0,0.0,0.0,0.0,0.0,0.0,1.0,0.0,0.0,1.0,1.0,0.0,0.0,0.0
0,1.0,( get-max-one-of (( potential-family-farms  ) ) (( compare-distance  ) )  ) ,1168.1425426719118,0.0,0.0,1.0,0.0,0.0,0.0,0.0,0.0,0.0,0.0,1.0,0.0,0.0,0.0,0.0,1.0,0.0,0.0,0.0
0,0.0,( get-max-one-of (( potential-farms-near-best-performers  ) ) (( combine (( compare-water-availability  ) ) (( desire-migration  ) )  ) )  ) ,2.449489742783178,0.0,1.0,0.0,0.0,0.0,1.0,0.0,1.0,0.0,0.0,1.0,0.0,0.0,0.0,0.0,0.0,1.0,0.0,0.0
0,0.0,( get-max-one-of (( potential-family-farms  ) ) (( multiply (( compare-quality  ) ) (( homophily-agricultural-productivity  ) )  ) )  ) ,15.524174696260026,0.0,0.0,0.0,0.0,1.0,0.0,0.0,0.0,0.0,0.0,1.0,0.0,0.0,1.0,1.0,1.0,0.0,0.0,0.0
0,0.0,( get-min-one-of (( potential-neighborhood-farms  ) ) (( compare-quality  ) )  ) ,3.8729833462074175,0.0,0.0,0.0,0.0,1.0,0.0,0.0,0.0,0.0,0.0,0.0,1.0,0.0,0.0,0.0,0.0,0.0,1.0,0.0
0,0.0,( get-min-one-of (( all-potential-farms  ) ) (( homophily-agricultural-productivity  ) )  ) ,3.1622776601683795,1.0,0.0,0.0,0.0,0.0,0.0,0.0,0.0,0.0,0.0,0.0,1.0,0.0,1.0,0.0,0.0,0.0,0.0,0.0
0,1.0,( get-max-one-of (( potential-farms-near-best-performers  ) ) (( subtract (( compare-water-availability  ) ) (( compare-yeild  ) )  ) )  ) ,4.690415759823429,0.0,0.0,0.0,0.0,0.0,1.0,1.0,0.0,0.0,0.0,1.0,0.0,0.0,0.0,0.0,0.0,1.0,0.0,1.0
0,1.0,( get-max-one-of (( potential-farms-near-best-performers  ) ) (( combine (( compare-water-availability  ) ) (( desire-migration  ) )  ) )  ) ,2.6457513110645907,0.0,1.0,0.0,0.0,0.0,1.0,0.0,1.0,0.0,0.0,1.0,0.0,0.0,0.0,0.0,0.0,1.0,0.0,0.0
0,1.0,( get-max-one-of (( potential-farms-near-best-performers  ) ) (( combine (( compare-water-availability  ) ) (( desire-migration  ) )  ) )  ) ,3.1622776601683795,0.0,1.0,0.0,0.0,0.0,1.0,0.0,1.0,0.0,0.0,1.0,0.0,0.0,0.0,0.0,0.0,1.0,0.0,0.0
0,1.0,( get-max-one-of (( potential-farms-near-best-performers  ) ) (( combine (( compare-water-availability  ) ) (( desire-migration  ) )  ) )  ) ,1.7320508075688774,0.0,1.0,0.0,0.0,0.0,1.0,0.0,1.0,0.0,0.0,1.0,0.0,0.0,0.0,0.0,0.0,1.0,0.0,0.0
0,0.0,( get-min-one-of (( all-potential-farms  ) ) (( compare-dryness  ) )  ) ,2.6457513110645903,1.0,0.0,0.0,1.0,0.0,0.0,0.0,0.0,0.0,0.0,0.0,1.0,0.0,0.0,0.0,0.0,0.0,0.0,0.0
0,0.0,( get-min-one-of (( potential-neighborhood-farms  ) ) (( compare-distance  ) )  ) ,10.295630140987,0.0,0.0,1.0,0.0,0.0,0.0,0.0,0.0,0.0,0.0,0.0,1.0,0.0,0.0,0.0,0.0,0.0,1.0,0.0
0,0.0,( get-max-one-of (( potential-family-farms  ) ) (( homophily-age  ) )  ) ,1.4142135623730951,0.0,0.0,0.0,0.0,0.0,0.0,0.0,0.0,0.0,0.0,1.0,0.0,1.0,0.0,0.0,1.0,0.0,0.0,0.0
0,0.0,( get-max-one-of (( potential-neighborhood-farms  ) ) (( compare-yeild  ) )  ) ,2.8284271247461903,0.0,0.0,0.0,0.0,0.0,0.0,1.0,0.0,0.0,0.0,1.0,0.0,0.0,0.0,0.0,0.0,0.0,1.0,0.0
0,1.0,( get-max-one-of (( all-potential-farms  ) ) (( homophily-age  ) )  ) ,14.247806848775005,1.0,0.0,0.0,0.0,0.0,0.0,0.0,0.0,0.0,0.0,1.0,0.0,1.0,0.0,0.0,0.0,0.0,0.0,0.0
0,1.0,( get-min-one-of (( potential-family-farms  ) ) (( compare-dryness  ) )  ) ,5.47722557505166,0.0,0.0,0.0,1.0,0.0,0.0,0.0,0.0,0.0,0.0,0.0,1.0,0.0,0.0,0.0,1.0,0.0,0.0,0.0
0,1.0,( get-max-one-of (( potential-family-farms  ) ) (( homophily-age  ) )  ) ,2.6457513110645907,0.0,0.0,0.0,0.0,0.0,0.0,0.0,0.0,0.0,0.0,1.0,0.0,1.0,0.0,0.0,1.0,0.0,0.0,0.0
0,1.0,( get-min-one-of (( all-potential-farms  ) ) (( compare-dryness  ) )  ) ,2.8284271247461903,1.0,0.0,0.0,1.0,0.0,0.0,0.0,0.0,0.0,0.0,0.0,1.0,0.0,0.0,0.0,0.0,0.0,0.0,0.0
0,0.0,( get-min-one-of (( potential-family-farms  ) ) (( compare-dryness  ) )  ) ,3.1622776601683795,0.0,0.0,0.0,1.0,0.0,0.0,0.0,0.0,0.0,0.0,0.0,1.0,0.0,0.0,0.0,1.0,0.0,0.0,0.0
0,0.0,( get-min-one-of (( all-potential-farms  ) ) (( subtract (( homophily-agricultural-productivity  ) ) (( compare-water-availability  ) )  ) )  ) ,2.6457513110645907,1.0,0.0,0.0,0.0,0.0,1.0,0.0,0.0,0.0,0.0,0.0,1.0,0.0,1.0,0.0,0.0,0.0,0.0,1.0
0,0.0,( get-min-one-of (( potential-neighborhood-farms  ) ) (( desire-social-presence  ) )  ) ,6.5574385243019995,0.0,0.0,0.0,0.0,0.0,0.0,0.0,0.0,1.0,0.0,0.0,1.0,0.0,0.0,0.0,0.0,0.0,1.0,0.0
0,0.0,( get-min-one-of (( potential-family-farms  ) ) (( combine (( compare-distance  ) ) (( compare-water-availability  ) )  ) )  ) ,3.8729833462074175,0.0,1.0,1.0,0.0,0.0,1.0,0.0,0.0,0.0,0.0,0.0,1.0,0.0,0.0,0.0,1.0,0.0,0.0,0.0
0,1.0,( get-min-one-of (( all-potential-farms  ) ) (( subtract (( homophily-agricultural-productivity  ) ) (( compare-water-availability  ) )  ) )  ) ,10.862780491200215,1.0,0.0,0.0,0.0,0.0,1.0,0.0,0.0,0.0,0.0,0.0,1.0,0.0,1.0,0.0,0.0,0.0,0.0,1.0
0,1.0,( get-min-one-of (( all-potential-farms  ) ) (( subtract (( homophily-agricultural-productivity  ) ) (( compare-water-availability  ) )  ) )  ) ,9.797958971132712,1.0,0.0,0.0,0.0,0.0,1.0,0.0,0.0,0.0,0.0,0.0,1.0,0.0,1.0,0.0,0.0,0.0,0.0,1.0
0,1.0,( get-min-one-of (( all-potential-farms  ) ) (( subtract (( homophily-agricultural-productivity  ) ) (( compare-water-availability  ) )  ) )  ) ,9.433981132056603,1.0,0.0,0.0,0.0,0.0,1.0,0.0,0.0,0.0,0.0,0.0,1.0,0.0,1.0,0.0,0.0,0.0,0.0,1.0
0,1.0,( get-min-one-of (( all-potential-farms  ) ) (( subtract (( homophily-agricultural-productivity  ) ) (( compare-water-availability  ) )  ) )  ) ,8.18535277187245,1.0,0.0,0.0,0.0,0.0,1.0,0.0,0.0,0.0,0.0,0.0,1.0,0.0,1.0,0.0,0.0,0.0,0.0,1.0
0,0.0,( get-max-one-of (( all-potential-farms  ) ) (( multiply (( desire-social-presence  ) ) (( desire-migration  ) )  ) )  ) ,6.48074069840786,1.0,0.0,0.0,0.0,0.0,0.0,0.0,1.0,1.0,0.0,1.0,0.0,0.0,0.0,1.0,0.0,0.0,0.0,0.0
0,0.0,( get-min-one-of (( potential-farms-near-best-performers  ) ) (( divide (( compare-quality  ) ) (( subtract (( compare-distance  ) ) (( desire-social-presence  ) )  ) )  ) )  ) ,2.4494897427831783,0.0,0.0,1.0,0.0,1.0,0.0,0.0,0.0,1.0,1.0,0.0,1.0,0.0,0.0,0.0,0.0,1.0,0.0,1.0
0,0.0,( get-min-one-of (( potential-farms-near-best-performers  ) ) (( subtract (( multiply (( compare-quality  ) ) (( desire-social-presence  ) )  ) ) (( desire-migration  ) )  ) )  ) ,2.8284271247461903,0.0,0.0,0.0,0.0,1.0,0.0,0.0,1.0,1.0,0.0,0.0,1.0,0.0,0.0,1.0,0.0,1.0,0.0,1.0
0,0.0,( get-max-one-of (( potential-family-farms  ) ) (( multiply (( desire-migration  ) ) (( desire-migration  ) )  ) )  ) ,3.7416573867739418,0.0,0.0,0.0,0.0,0.0,0.0,0.0,2.0,0.0,0.0,1.0,0.0,0.0,0.0,1.0,1.0,0.0,0.0,0.0
0,1.0,( get-min-one-of (( potential-farms-near-best-performers  ) ) (( divide (( compare-quality  ) ) (( subtract (( compare-distance  ) ) (( desire-social-presence  ) )  ) )  ) )  ) ,6.2449979983983965,0.0,0.0,1.0,0.0,1.0,0.0,0.0,0.0,1.0,1.0,0.0,1.0,0.0,0.0,0.0,0.0,1.0,0.0,1.0
0,1.0,( get-min-one-of (( potential-farms-near-best-performers  ) ) (( divide (( compare-quality  ) ) (( subtract (( compare-distance  ) ) (( desire-social-presence  ) )  ) )  ) )  ) ,7.416198487095662,0.0,0.0,1.0,0.0,1.0,0.0,0.0,0.0,1.0,1.0,0.0,1.0,0.0,0.0,0.0,0.0,1.0,0.0,1.0
0,1.0,( get-min-one-of (( potential-farms-near-best-performers  ) ) (( subtract (( multiply (( compare-quality  ) ) (( desire-social-presence  ) )  ) ) (( desire-migration  ) )  ) )  ) ,4.242640687119285,0.0,0.0,0.0,0.0,1.0,0.0,0.0,1.0,1.0,0.0,0.0,1.0,0.0,0.0,1.0,0.0,1.0,0.0,1.0
0,1.0,( get-min-one-of (( potential-farms-near-best-performers  ) ) (( divide (( compare-quality  ) ) (( subtract (( compare-distance  ) ) (( desire-social-presence  ) )  ) )  ) )  ) ,1.0,0.0,0.0,1.0,0.0,1.0,0.0,0.0,0.0,1.0,1.0,0.0,1.0,0.0,0.0,0.0,0.0,1.0,0.0,1.0
0,0.0,( get-max-one-of (( potential-family-farms  ) ) (( compare-quality  ) )  ) ,3.4641016151377544,0.0,0.0,0.0,0.0,1.0,0.0,0.0,0.0,0.0,0.0,1.0,0.0,0.0,0.0,0.0,1.0,0.0,0.0,0.0
0,0.0,( get-min-one-of (( potential-farms-near-best-performers  ) ) (( compare-dryness  ) )  ) ,6.4807406984078595,0.0,0.0,0.0,1.0,0.0,0.0,0.0,0.0,0.0,0.0,0.0,1.0,0.0,0.0,0.0,0.0,1.0,0.0,0.0
0,0.0,( get-max-one-of (( potential-family-farms  ) ) (( desire-social-presence  ) )  ) ,2.449489742783178,0.0,0.0,0.0,0.0,0.0,0.0,0.0,0.0,1.0,0.0,1.0,0.0,0.0,0.0,0.0,1.0,0.0,0.0,0.0
0,0.0,( get-min-one-of (( potential-neighborhood-farms  ) ) (( desire-social-presence  ) )  ) ,5.47722557505166,0.0,0.0,0.0,0.0,0.0,0.0,0.0,0.0,1.0,0.0,0.0,1.0,0.0,0.0,0.0,0.0,0.0,1.0,0.0
0,1.0,( get-max-one-of (( potential-family-farms  ) ) (( desire-social-presence  ) )  ) ,5.5677643628300215,0.0,0.0,0.0,0.0,0.0,0.0,0.0,0.0,1.0,0.0,1.0,0.0,0.0,0.0,0.0,1.0,0.0,0.0,0.0
0,1.0,( get-max-one-of (( potential-family-farms  ) ) (( desire-social-presence  ) )  ) ,7.6157731058639095,0.0,0.0,0.0,0.0,0.0,0.0,0.0,0.0,1.0,0.0,1.0,0.0,0.0,0.0,0.0,1.0,0.0,0.0,0.0
0,1.0,( get-max-one-of (( potential-farms-near-best-performers  ) ) (( compare-yeild  ) )  ) ,13.07669683062202,0.0,0.0,0.0,0.0,0.0,0.0,1.0,0.0,0.0,0.0,1.0,0.0,0.0,0.0,0.0,0.0,1.0,0.0,0.0
0,1.0,( get-max-one-of (( potential-family-farms  ) ) (( desire-social-presence  ) )  ) ,4.358898943540674,0.0,0.0,0.0,0.0,0.0,0.0,0.0,0.0,1.0,0.0,1.0,0.0,0.0,0.0,0.0,1.0,0.0,0.0,0.0
0,0.0,( get-max-one-of (( potential-neighborhood-farms  ) ) (( subtract (( compare-yeild  ) ) (( multiply (( compare-yeild  ) ) (( compare-dryness  ) )  ) )  ) )  ) ,5.385164807134505,0.0,0.0,0.0,1.0,0.0,0.0,2.0,0.0,0.0,0.0,1.0,0.0,0.0,0.0,1.0,0.0,0.0,1.0,1.0
0,0.0,( get-min-one-of (( potential-family-farms  ) ) (( compare-dryness  ) )  ) ,6.782329983125267,0.0,0.0,0.0,1.0,0.0,0.0,0.0,0.0,0.0,0.0,0.0,1.0,0.0,0.0,0.0,1.0,0.0,0.0,0.0
0,0.0,( get-max-one-of (( potential-family-farms  ) ) (( compare-quality  ) )  ) ,3.6055512754639887,0.0,0.0,0.0,0.0,1.0,0.0,0.0,0.0,0.0,0.0,1.0,0.0,0.0,0.0,0.0,1.0,0.0,0.0,0.0
0,0.0,( get-max-one-of (( all-potential-farms  ) ) (( compare-water-availability  ) )  ) ,5.916079783099617,1.0,0.0,0.0,0.0,0.0,1.0,0.0,0.0,0.0,0.0,1.0,0.0,0.0,0.0,0.0,0.0,0.0,0.0,0.0
0,1.0,( get-max-one-of (( potential-family-farms  ) ) (( subtract (( compare-yeild  ) ) (( multiply (( compare-yeild  ) ) (( compare-dryness  ) )  ) )  ) )  ) ,8.06225774829855,0.0,0.0,0.0,1.0,0.0,0.0,2.0,0.0,0.0,0.0,1.0,0.0,0.0,0.0,1.0,1.0,0.0,0.0,1.0
0,1.0,( get-max-one-of (( potential-neighborhood-farms  ) ) (( compare-quality  ) )  ) ,11.04536101718726,0.0,0.0,0.0,0.0,1.0,0.0,0.0,0.0,0.0,0.0,1.0,0.0,0.0,0.0,0.0,0.0,0.0,1.0,0.0
0,1.0,( get-max-one-of (( potential-family-farms  ) ) (( compare-quality  ) )  ) ,9.055385138137416,0.0,0.0,0.0,0.0,1.0,0.0,0.0,0.0,0.0,0.0,1.0,0.0,0.0,0.0,0.0,1.0,0.0,0.0,0.0
0,1.0,( get-max-one-of (( potential-family-farms  ) ) (( compare-quality  ) )  ) ,7.937253933193773,0.0,0.0,0.0,0.0,1.0,0.0,0.0,0.0,0.0,0.0,1.0,0.0,0.0,0.0,0.0,1.0,0.0,0.0,0.0
0,0.0,( get-max-one-of (( potential-family-farms  ) ) (( combine (( compare-dryness  ) ) (( desire-migration  ) )  ) )  ) ,1498.7488115091198,0.0,1.0,0.0,1.0,0.0,0.0,0.0,1.0,0.0,0.0,1.0,0.0,0.0,0.0,0.0,1.0,0.0,0.0,0.0
0,0.0,( get-min-one-of (( potential-family-farms  ) ) (( multiply (( compare-quality  ) ) (( compare-quality  ) )  ) )  ) ,1229.2591264660202,0.0,0.0,0.0,0.0,2.0,0.0,0.0,0.0,0.0,0.0,0.0,1.0,0.0,0.0,1.0,1.0,0.0,0.0,0.0
0,0.0,( get-min-one-of (( potential-farms-near-best-performers  ) ) (( divide (( homophily-age  ) ) (( compare-dryness  ) )  ) )  ) ,1246.5456269226595,0.0,0.0,0.0,1.0,0.0,0.0,0.0,0.0,0.0,1.0,0.0,1.0,1.0,0.0,0.0,0.0,1.0,0.0,0.0
0,0.0,( get-max-one-of (( all-potential-farms  ) ) (( multiply (( multiply (( compare-dryness  ) ) (( compare-distance  ) )  ) ) (( divide (( desire-migration  ) ) (( compare-water-availability  ) )  ) )  ) )  ) ,1113.8204523171594,1.0,0.0,1.0,1.0,0.0,1.0,0.0,1.0,0.0,1.0,1.0,0.0,0.0,0.0,2.0,0.0,0.0,0.0,0.0
0,1.0,( get-max-one-of (( all-potential-farms  ) ) (( compare-dryness  ) )  ) ,1222.2786098103807,1.0,0.0,0.0,1.0,0.0,0.0,0.0,0.0,0.0,0.0,1.0,0.0,0.0,0.0,0.0,0.0,0.0,0.0,0.0
0,1.0,( get-max-one-of (( all-potential-farms  ) ) (( multiply (( multiply (( multiply (( multiply (( compare-dryness  ) ) (( compare-distance  ) )  ) ) (( divide (( desire-migration  ) ) (( compare-water-availability  ) )  ) )  ) ) (( compare-distance  ) )  ) ) (( divide (( desire-migration  ) ) (( compare-water-availability  ) )  ) )  ) )  ) ,2670.417383106992,1.0,0.0,2.0,1.0,0.0,2.0,0.0,2.0,0.0,2.0,1.0,0.0,0.0,0.0,4.0,0.0,0.0,0.0,0.0
0,1.0,( get-max-one-of (( all-potential-farms  ) ) (( multiply (( multiply (( compare-dryness  ) ) (( compare-distance  ) )  ) ) (( divide (( desire-migration  ) ) (( compare-water-availability  ) )  ) )  ) )  ) ,1855.4064244795545,1.0,0.0,1.0,1.0,0.0,1.0,0.0,1.0,0.0,1.0,1.0,0.0,0.0,0.0,2.0,0.0,0.0,0.0,0.0
0,1.0,( get-max-one-of (( all-potential-farms  ) ) (( multiply (( multiply (( compare-dryness  ) ) (( compare-distance  ) )  ) ) (( divide (( desire-migration  ) ) (( compare-water-availability  ) )  ) )  ) )  ) ,1231.385804693234,1.0,0.0,1.0,1.0,0.0,1.0,0.0,1.0,0.0,1.0,1.0,0.0,0.0,0.0,2.0,0.0,0.0,0.0,0.0
0,0.0,( get-max-one-of (( potential-neighborhood-farms  ) ) (( combine (( compare-yeild  ) ) (( compare-dryness  ) )  ) )  ) ,2670.651231441503,0.0,1.0,0.0,1.0,0.0,0.0,1.0,0.0,0.0,0.0,1.0,0.0,0.0,0.0,0.0,0.0,0.0,1.0,0.0
0,0.0,( get-max-one-of (( potential-family-farms  ) ) (( compare-quality  ) )  ) ,901.085456546714,0.0,0.0,0.0,0.0,1.0,0.0,0.0,0.0,0.0,0.0,1.0,0.0,0.0,0.0,0.0,1.0,0.0,0.0,0.0
0,0.0,( get-min-one-of (( potential-neighborhood-farms  ) ) (( subtract (( multiply (( homophily-age  ) ) (( compare-yeild  ) )  ) ) (( subtract (( desire-migration  ) ) (( compare-yeild  ) )  ) )  ) )  ) ,2659.2512103973927,0.0,0.0,0.0,0.0,0.0,0.0,2.0,1.0,0.0,0.0,0.0,1.0,1.0,0.0,1.0,0.0,0.0,1.0,2.0
0,0.0,( get-min-one-of (( all-potential-farms  ) ) (( desire-migration  ) )  ) ,876.8842569005337,1.0,0.0,0.0,0.0,0.0,0.0,0.0,1.0,0.0,0.0,0.0,1.0,0.0,0.0,0.0,0.0,0.0,0.0,0.0
0,1.0,( get-min-one-of (( all-potential-farms  ) ) (( desire-migration  ) )  ) ,891.6781930719172,1.0,0.0,0.0,0.0,0.0,0.0,0.0,1.0,0.0,0.0,0.0,1.0,0.0,0.0,0.0,0.0,0.0,0.0,0.0
0,1.0,( get-min-one-of (( all-potential-farms  ) ) (( desire-migration  ) )  ) ,1816.7366347382347,1.0,0.0,0.0,0.0,0.0,0.0,0.0,1.0,0.0,0.0,0.0,1.0,0.0,0.0,0.0,0.0,0.0,0.0,0.0
0,1.0,( get-min-one-of (( all-potential-farms  ) ) (( desire-migration  ) )  ) ,2662.784632673095,1.0,0.0,0.0,0.0,0.0,0.0,0.0,1.0,0.0,0.0,0.0,1.0,0.0,0.0,0.0,0.0,0.0,0.0,0.0
0,1.0,( get-min-one-of (( all-potential-farms  ) ) (( desire-migration  ) )  ) ,928.4519373667114,1.0,0.0,0.0,0.0,0.0,0.0,0.0,1.0,0.0,0.0,0.0,1.0,0.0,0.0,0.0,0.0,0.0,0.0,0.0
0,0.0,( get-max-one-of (( potential-family-farms  ) ) (( compare-dryness  ) )  ) ,2663.3193574935785,0.0,0.0,0.0,1.0,0.0,0.0,0.0,0.0,0.0,0.0,1.0,0.0,0.0,0.0,0.0,1.0,0.0,0.0,0.0
0,0.0,( get-min-one-of (( potential-neighborhood-farms  ) ) (( compare-yeild  ) )  ) ,2658.639313633949,0.0,0.0,0.0,0.0,0.0,0.0,1.0,0.0,0.0,0.0,0.0,1.0,0.0,0.0,0.0,0.0,0.0,1.0,0.0
0,0.0,( get-min-one-of (( potential-farms-near-best-performers  ) ) (( combine (( compare-dryness  ) ) (( compare-dryness  ) )  ) )  ) ,859.3160070660851,0.0,1.0,0.0,2.0,0.0,0.0,0.0,0.0,0.0,0.0,0.0,1.0,0.0,0.0,0.0,0.0,1.0,0.0,0.0
0,0.0,( get-min-one-of (( potential-family-farms  ) ) (( compare-distance  ) )  ) ,1391.4280434143905,0.0,0.0,1.0,0.0,0.0,0.0,0.0,0.0,0.0,0.0,0.0,1.0,0.0,0.0,0.0,1.0,0.0,0.0,0.0
0,1.0,( get-min-one-of (( potential-family-farms  ) ) (( compare-dryness  ) )  ) ,813.1402093120225,0.0,0.0,0.0,1.0,0.0,0.0,0.0,0.0,0.0,0.0,0.0,1.0,0.0,0.0,0.0,1.0,0.0,0.0,0.0
0,1.0,( get-min-one-of (( potential-farms-near-best-performers  ) ) (( combine (( compare-distance  ) ) (( compare-dryness  ) )  ) )  ) ,1046.7592846495309,0.0,1.0,1.0,1.0,0.0,0.0,0.0,0.0,0.0,0.0,0.0,1.0,0.0,0.0,0.0,0.0,1.0,0.0,0.0
0,1.0,( get-min-one-of (( potential-farms-near-best-performers  ) ) (( combine (( compare-dryness  ) ) (( compare-dryness  ) )  ) )  ) ,1212.7670839860375,0.0,1.0,0.0,2.0,0.0,0.0,0.0,0.0,0.0,0.0,0.0,1.0,0.0,0.0,0.0,0.0,1.0,0.0,0.0
0,1.0,( get-min-one-of (( potential-farms-near-best-performers  ) ) (( combine (( compare-dryness  ) ) (( compare-dryness  ) )  ) )  ) ,2191.76527027873,0.0,1.0,0.0,2.0,0.0,0.0,0.0,0.0,0.0,0.0,0.0,1.0,0.0,0.0,0.0,0.0,1.0,0.0,0.0
0,0.0,( get-min-one-of (( potential-family-farms  ) ) (( divide (( compare-yeild  ) ) (( desire-social-presence  ) )  ) )  ) ,1396.149705439931,0.0,0.0,0.0,0.0,0.0,0.0,1.0,0.0,1.0,1.0,0.0,1.0,0.0,0.0,0.0,1.0,0.0,0.0,0.0
0,0.0,( get-max-one-of (( potential-family-farms  ) ) (( compare-distance  ) )  ) ,1143.6463614247198,0.0,0.0,1.0,0.0,0.0,0.0,0.0,0.0,0.0,0.0,1.0,0.0,0.0,0.0,0.0,1.0,0.0,0.0,0.0
0,0.0,( get-max-one-of (( all-potential-farms  ) ) (( divide (( desire-migration  ) ) (( compare-distance  ) )  ) )  ) ,1687.9292046765465,1.0,0.0,1.0,0.0,0.0,0.0,0.0,1.0,0.0,1.0,1.0,0.0,0.0,0.0,0.0,0.0,0.0,0.0,0.0
0,0.0,( get-min-one-of (( potential-family-farms  ) ) (( multiply (( compare-distance  ) ) (( homophily-agricultural-productivity  ) )  ) )  ) ,2670.7145111374216,0.0,0.0,1.0,0.0,0.0,0.0,0.0,0.0,0.0,0.0,0.0,1.0,0.0,1.0,1.0,1.0,0.0,0.0,0.0
0,1.0,( get-max-one-of (( potential-family-farms  ) ) (( compare-distance  ) )  ) ,1503.768931717902,0.0,0.0,1.0,0.0,0.0,0.0,0.0,0.0,0.0,0.0,1.0,0.0,0.0,0.0,0.0,1.0,0.0,0.0,0.0
0,1.0,( get-max-one-of (( potential-family-farms  ) ) (( compare-distance  ) )  ) ,2670.6162210246525,0.0,0.0,1.0,0.0,0.0,0.0,0.0,0.0,0.0,0.0,1.0,0.0,0.0,0.0,0.0,1.0,0.0,0.0,0.0
0,1.0,( get-max-one-of (( potential-family-farms  ) ) (( compare-distance  ) )  ) ,1163.4130822712966,0.0,0.0,1.0,0.0,0.0,0.0,0.0,0.0,0.0,0.0,1.0,0.0,0.0,0.0,0.0,1.0,0.0,0.0,0.0
0,1.0,( get-max-one-of (( potential-family-farms  ) ) (( compare-distance  ) )  ) ,2668.233685418129,0.0,0.0,1.0,0.0,0.0,0.0,0.0,0.0,0.0,0.0,1.0,0.0,0.0,0.0,0.0,1.0,0.0,0.0,0.0
0,0.0,( get-max-one-of (( all-potential-farms  ) ) (( multiply (( compare-quality  ) ) (( compare-quality  ) )  ) )  ) ,1131.8400947130299,1.0,0.0,0.0,0.0,2.0,0.0,0.0,0.0,0.0,0.0,1.0,0.0,0.0,0.0,1.0,0.0,0.0,0.0,0.0
0,0.0,( get-max-one-of (( all-potential-farms  ) ) (( combine (( divide (( homophily-agricultural-productivity  ) ) (( desire-social-presence  ) )  ) ) (( compare-dryness  ) )  ) )  ) ,1614.4729790244244,1.0,1.0,0.0,1.0,0.0,0.0,0.0,0.0,1.0,1.0,1.0,0.0,0.0,1.0,0.0,0.0,0.0,0.0,0.0
0,0.0,( get-max-one-of (( potential-family-farms  ) ) (( compare-dryness  ) )  ) ,1424.6746997121836,0.0,0.0,0.0,1.0,0.0,0.0,0.0,0.0,0.0,0.0,1.0,0.0,0.0,0.0,0.0,1.0,0.0,0.0,0.0
0,0.0,( get-min-one-of (( potential-family-farms  ) ) (( combine (( homophily-agricultural-productivity  ) ) (( compare-dryness  ) )  ) )  ) ,1093.8413961813646,0.0,1.0,0.0,1.0,0.0,0.0,0.0,0.0,0.0,0.0,0.0,1.0,0.0,1.0,0.0,1.0,0.0,0.0,0.0
0,1.0,( get-min-one-of (( potential-family-farms  ) ) (( combine (( homophily-agricultural-productivity  ) ) (( compare-dryness  ) )  ) )  ) ,1071.81714858459,0.0,1.0,0.0,1.0,0.0,0.0,0.0,0.0,0.0,0.0,0.0,1.0,0.0,1.0,0.0,1.0,0.0,0.0,0.0
0,1.0,( get-min-one-of (( potential-farms-near-best-performers  ) ) (( combine (( homophily-agricultural-productivity  ) ) (( compare-dryness  ) )  ) )  ) ,1611.5818316176196,0.0,1.0,0.0,1.0,0.0,0.0,0.0,0.0,0.0,0.0,0.0,1.0,0.0,1.0,0.0,0.0,1.0,0.0,0.0
0,1.0,( get-min-one-of (( potential-farms-near-best-performers  ) ) (( combine (( homophily-agricultural-productivity  ) ) (( compare-dryness  ) )  ) )  ) ,1454.9776630587844,0.0,1.0,0.0,1.0,0.0,0.0,0.0,0.0,0.0,0.0,0.0,1.0,0.0,1.0,0.0,0.0,1.0,0.0,0.0
0,1.0,( get-min-one-of (( potential-family-farms  ) ) (( combine (( homophily-agricultural-productivity  ) ) (( compare-dryness  ) )  ) )  ) ,2106.8068255063167,0.0,1.0,0.0,1.0,0.0,0.0,0.0,0.0,0.0,0.0,0.0,1.0,0.0,1.0,0.0,1.0,0.0,0.0,0.0
0,0.0,( get-min-one-of (( potential-farms-near-best-performers  ) ) (( compare-distance  ) )  ) ,3.8729833462074175,0.0,0.0,1.0,0.0,0.0,0.0,0.0,0.0,0.0,0.0,0.0,1.0,0.0,0.0,0.0,0.0,1.0,0.0,0.0
0,0.0,( get-min-one-of (( potential-family-farms  ) ) (( divide (( homophily-age  ) ) (( compare-distance  ) )  ) )  ) ,3.0,0.0,0.0,1.0,0.0,0.0,0.0,0.0,0.0,0.0,1.0,0.0,1.0,1.0,0.0,0.0,1.0,0.0,0.0,0.0
0,0.0,( get-min-one-of (( all-potential-farms  ) ) (( multiply (( divide (( desire-social-presence  ) ) (( compare-dryness  ) )  ) ) (( desire-migration  ) )  ) )  ) ,2.23606797749979,1.0,0.0,0.0,1.0,0.0,0.0,0.0,1.0,1.0,1.0,0.0,1.0,0.0,0.0,1.0,0.0,0.0,0.0,0.0
0,0.0,( get-min-one-of (( potential-farms-near-best-performers  ) ) (( compare-quality  ) )  ) ,6.0,0.0,0.0,0.0,0.0,1.0,0.0,0.0,0.0,0.0,0.0,0.0,1.0,0.0,0.0,0.0,0.0,1.0,0.0,0.0
0,1.0,( get-min-one-of (( all-potential-farms  ) ) (( multiply (( divide (( desire-social-presence  ) ) (( compare-dryness  ) )  ) ) (( desire-migration  ) )  ) )  ) ,6.164414002968977,1.0,0.0,0.0,1.0,0.0,0.0,0.0,1.0,1.0,1.0,0.0,1.0,0.0,0.0,1.0,0.0,0.0,0.0,0.0
0,1.0,( get-min-one-of (( all-potential-farms  ) ) (( multiply (( divide (( desire-social-presence  ) ) (( compare-dryness  ) )  ) ) (( desire-migration  ) )  ) )  ) ,0.0,1.0,0.0,0.0,1.0,0.0,0.0,0.0,1.0,1.0,1.0,0.0,1.0,0.0,0.0,1.0,0.0,0.0,0.0,0.0
0,1.0,( get-min-one-of (( all-potential-farms  ) ) (( multiply (( divide (( desire-social-presence  ) ) (( desire-social-presence  ) )  ) ) (( desire-migration  ) )  ) )  ) ,4.0,1.0,0.0,0.0,0.0,0.0,0.0,0.0,1.0,2.0,1.0,0.0,1.0,0.0,0.0,1.0,0.0,0.0,0.0,0.0
0,1.0,( get-min-one-of (( all-potential-farms  ) ) (( multiply (( divide (( compare-dryness  ) ) (( compare-dryness  ) )  ) ) (( desire-migration  ) )  ) )  ) ,22.44994432064365,1.0,0.0,0.0,2.0,0.0,0.0,0.0,1.0,0.0,1.0,0.0,1.0,0.0,0.0,1.0,0.0,0.0,0.0,0.0
0,0.0,( get-min-one-of (( potential-family-farms  ) ) (( divide (( compare-quality  ) ) (( compare-yeild  ) )  ) )  ) ,8.660254037844387,0.0,0.0,0.0,0.0,1.0,0.0,1.0,0.0,0.0,1.0,0.0,1.0,0.0,0.0,0.0,1.0,0.0,0.0,0.0
0,0.0,( get-min-one-of (( potential-family-farms  ) ) (( divide (( compare-yeild  ) ) (( compare-water-availability  ) )  ) )  ) ,12.727922061357855,0.0,0.0,0.0,0.0,0.0,1.0,1.0,0.0,0.0,1.0,0.0,1.0,0.0,0.0,0.0,1.0,0.0,0.0,0.0
0,0.0,( get-max-one-of (( potential-neighborhood-farms  ) ) (( compare-distance  ) )  ) ,9.539392014169456,0.0,0.0,1.0,0.0,0.0,0.0,0.0,0.0,0.0,0.0,1.0,0.0,0.0,0.0,0.0,0.0,0.0,1.0,0.0
0,0.0,( get-min-one-of (( all-potential-farms  ) ) (( homophily-agricultural-productivity  ) )  ) ,3.0000000000000004,1.0,0.0,0.0,0.0,0.0,0.0,0.0,0.0,0.0,0.0,0.0,1.0,0.0,1.0,0.0,0.0,0.0,0.0,0.0
0,1.0,( get-min-one-of (( potential-family-farms  ) ) (( divide (( compare-quality  ) ) (( compare-yeild  ) )  ) )  ) ,8.0,0.0,0.0,0.0,0.0,1.0,0.0,1.0,0.0,0.0,1.0,0.0,1.0,0.0,0.0,0.0,1.0,0.0,0.0,0.0
0,1.0,( get-min-one-of (( all-potential-farms  ) ) (( homophily-agricultural-productivity  ) )  ) ,6.708203932499369,1.0,0.0,0.0,0.0,0.0,0.0,0.0,0.0,0.0,0.0,0.0,1.0,0.0,1.0,0.0,0.0,0.0,0.0,0.0
0,1.0,( get-min-one-of (( all-potential-farms  ) ) (( homophily-agricultural-productivity  ) )  ) ,6.92820323027551,1.0,0.0,0.0,0.0,0.0,0.0,0.0,0.0,0.0,0.0,0.0,1.0,0.0,1.0,0.0,0.0,0.0,0.0,0.0
0,1.0,( get-min-one-of (( all-potential-farms  ) ) (( homophily-agricultural-productivity  ) )  ) ,6.92820323027551,1.0,0.0,0.0,0.0,0.0,0.0,0.0,0.0,0.0,0.0,0.0,1.0,0.0,1.0,0.0,0.0,0.0,0.0,0.0
0,0.0,( get-min-one-of (( potential-family-farms  ) ) (( divide (( compare-water-availability  ) ) (( compare-distance  ) )  ) )  ) ,7.3484692283495345,0.0,0.0,1.0,0.0,0.0,1.0,0.0,0.0,0.0,1.0,0.0,1.0,0.0,0.0,0.0,1.0,0.0,0.0,0.0
0,0.0,( get-min-one-of (( potential-neighborhood-farms  ) ) (( compare-distance  ) )  ) ,6.708203932499369,0.0,0.0,1.0,0.0,0.0,0.0,0.0,0.0,0.0,0.0,0.0,1.0,0.0,0.0,0.0,0.0,0.0,1.0,0.0
0,0.0,( get-min-one-of (( potential-farms-near-best-performers  ) ) (( compare-quality  ) )  ) ,4.123105625617661,0.0,0.0,0.0,0.0,1.0,0.0,0.0,0.0,0.0,0.0,0.0,1.0,0.0,0.0,0.0,0.0,1.0,0.0,0.0
0,0.0,( get-max-one-of (( potential-farms-near-best-performers  ) ) (( combine (( compare-quality  ) ) (( compare-water-availability  ) )  ) )  ) ,6.6332495807108,0.0,1.0,0.0,0.0,1.0,1.0,0.0,0.0,0.0,0.0,1.0,0.0,0.0,0.0,0.0,0.0,1.0,0.0,0.0
0,1.0,( get-max-one-of (( potential-farms-near-best-performers  ) ) (( combine (( compare-quality  ) ) (( compare-quality  ) )  ) )  ) ,12.0,0.0,1.0,0.0,0.0,2.0,0.0,0.0,0.0,0.0,0.0,1.0,0.0,0.0,0.0,0.0,0.0,1.0,0.0,0.0
0,1.0,( get-min-one-of (( potential-farms-near-best-performers  ) ) (( compare-water-availability  ) )  ) ,3.741657386773941,0.0,0.0,0.0,0.0,0.0,1.0,0.0,0.0,0.0,0.0,0.0,1.0,0.0,0.0,0.0,0.0,1.0,0.0,0.0
0,1.0,( get-min-one-of (( potential-farms-near-best-performers  ) ) (( compare-quality  ) )  ) ,2.0,0.0,0.0,0.0,0.0,1.0,0.0,0.0,0.0,0.0,0.0,0.0,1.0,0.0,0.0,0.0,0.0,1.0,0.0,0.0
0,1.0,( get-min-one-of (( potential-farms-near-best-performers  ) ) (( compare-quality  ) )  ) ,7.3484692283495345,0.0,0.0,0.0,0.0,1.0,0.0,0.0,0.0,0.0,0.0,0.0,1.0,0.0,0.0,0.0,0.0,1.0,0.0,0.0
